﻿Question,Correct  Answer,Choice  2,Choice  3,Choice  4,Chapter,PickMultiple,Option,
A  junior  IT  technician  configures  a  purchased  private  computer  network  for  a  small  bakery.  What  is  a  SOHO  router  considered  to  be  once  it  is  placed  in  the  building?,CPE,IXP,PSTN,IANA,1,NO,A,1
A  systems  administrator  wants  to  ensure  that  port  numbers  are  being  appropriately  assigned  for  each  type  of  network  application.  What  layer  of  the  OSI  model  should  the  administrator  be  reviewing  to  ensure  these  actions  are  taken?,Transport,Network,Session,Application,1,NO,A,2
A  network  engineer  is  analyzing  a  specific  network  protocol.  Which  of  the  following  are  the  principal  functions  of  a  network  protocol?  (Select  all  that  apply.),Addressing,Encapsulation,Network  layer,Presentation,1,YES,ABC,3
A  network  administrator  configures  a  SOHO  router  for  a  small  business.  Which  zone  and  IP  address  information  is  configured  on  the  router  for  proper  functionality  for  users  to  access  all  internal  resources  and  the  Internet?,"Zone:  private,  Internal  IP  range  192.168.51.0/24,  Zone:  public,  External  IP  209.0.113.1","Zone:  public,  Internal  IP  range  149.167.1.0/24,  Zone:  private,  External  IP  20.0.11.1","Zone:  private,  Internal  IP  range  182.168.19.0/24,  Zone:  public,  External  IP  188.4.11.1","Zone:  public,  Internal  IP  range  192.168.6.0/24,  Zone:  private,  External  IP  212.8.1.9",1,NO,A,4
An  application  developer  is  attempting  to  troubleshoot  issues  with  ASCII  conversion  for  their  application.  At  which  layer  of  the  OSI  model  are  they  troubleshooting?,Presentation,Session,Data  link,Application,1,NO,A,5
"A  systems  engineer  configures  IP  addresses  for  a  SOHO  router.  In  doing  so,  the  engineer  uses  calculations  to  determine  addresses  for  two  subnets.  Which  value  does  the  engineer  determine  the  binary  value  of  1010  relates  to  in  hexadecimal?",A,0,FF,10,1,NO,A,6
"Which  networking  component  would  connect  to  a  SOHO  router,  operating  at  the  first  layer  of  the  OSI  model?",RJ-45,Wireless  Access  Point,Firewall,Internal  bridge,1,NO,A,7
A  communications  engineer  notices  that  every  time  it  rains  the  signal  becomes  very  degraded.  Which  layer  of  the  OSI  model  is  the  engineer  most  likely  troubleshooting?,Physical,Data  Link,Transport,Application,1,NO,A,8
A  security  engineer  implements  port  security  on  a  hardware  firewall.  Which  OSI  model  layer  identifies  the  application  ports  to  configure?,Layer  4,Layer  2,Layer  3,Layer  1,1,NO,A,9
A  networking  engineer  is  troubleshooting  issues  with  a  router.  At  which  layer  of  the  OSI  model  is  the  engineer  troubleshooting?,Network,Transport,Data  Link,Session,1,NO,A,10
"After  a  device  failure,  a  network  engineer  replaces  a  layer  2  device  on  a  network.  Which  device  does  the  engineer  replace  to  restore  L2  functionality?",Switch,Hub,Firewall,Media  Converter,2.1,NO,A,11
Which  of  the  following  devices  operates  similarly  to  a  multiport  repeater?,Hub,Edge  Router,Bridge,Converter,2.1,NO,A,12
Which  device  transfers  data  over  voice-grade  telephone  lines?,DSL  Modem,Cable  Modem,Edge  Router,Hub,2.1,NO,A,13
A  user  submits  a  request  to  IT  to  enable  a  voice  message  functionality  so  that  missed  calls  can  leave  saved  messages.  Which  system  does  this?,VoIP  PBX,VoIP  Gateway,Media  Converter,Cable  Modem,2.1,NO,A,14
Which  of  the  following  systems  provide  an  active  response  to  network  threats  that  match  signature  patterns?,IPS,IDS,SCADA,VPN  Headend,2.1,NO,A,15
A  network  engineer  is  reviewing  the  IP  header  fields  and  notices  that  the  field  reduces  by  one  every  time  a  packet  forwards  to  a  router.  What  is  it?,TTL,EIGRP,Static  Route,Routing  information  protocol,2.2,NO,A,16
A  tech  is  evaluating  the  organization's  autonomous  system  to  determine  if  it  can  use  paths  through  another  organization's  network.  What  is  evaluated?,Exterior  gateway  protocol,Administrative  distance,Routing  information  protocol,Static  Route,2.2,NO,A,17
Which  routing  protocol  uses  the  destination  address  0.0.0.0/0?,Default,Static,QoS,Administrative  Distance,2.2,NO,A,18
"Which  networking  protocol  provides  routing  capabilities  on  the  Internet,  primarily  between  Internet  Service  Providers  (ISPs)?",Border  Gateway  Protocol  (BGP),Enhanced  Interior  Gateway  Routing  Protocol  (EIGRP),Open  Shortest  Path  First  (OSPF),Routing  Information  Protocol  (RIP),2.2,NO,A,19
"A  network  uses  a  dynamic  routing  protocol  that  requires  the  sysadmin  to  provide  weighted  elements  such  as  reliability,  bandwidth  and  load.  Which  is  it",Enhanced  Interior  Gateway  Routing  Protocol  (EIGRP),Border  Gateway  Protocol  (BGP),Open  Shortest  Path  First  (OSPF),Routing  Information  Protocol  (RIP),2.2,NO,A,20
"A  network  technician  in  Germany  is  setting  up  Cat  7  cabling  in  the  organization's  environment.  The  technician  should,  to  comply  with  installation  standards,  terminate  the  cabling  with  what  type  of  connector?  (Select  all  that  apply.)",TERA,GG45,RJ45,Horizontal  connectors,2,YES,AB,21
A  network  technician  is  looking  over  diagrams  for  special  types  of  equipment  rooms that  mark  the  point  at  which  external  cabling  (located  outside  the  plant)  joins  to  internal  cabling  (located  on  the  premises).  What  is  this  called?,Demarc,Backbone,Horizontal  cabling,Telecommunications  room,2,NO,A,22
A  network  technician  needs  a  cost-effective  solution  that  can  multiplex  up  to  16  wavelengths  on  an  SFP/SFP+  interface.  Which  multiplexing  technique  should  the  network  technician  use?,CWDM,WDM,BiDi,DWDM,2,NO,A,23
Which  two  termination  schemes  should  a  technician  use  to  terminate  twisted  pair  cabling  in  accordance  with  the  TIA/EIA-568  standard  as  they  set  up  a  new  office  network  for  their  company?,T568A  and  T568B,T568A  and  RJ11,T568B  and  TIA  570,TIA  568  and  TIA  570,2,NO,A,24
A  project  manager  is  ordering  equipment  to  set  up  fiber  cabling  in  a  new  building.  Which  of  the  following  tools  will  allow  a  more  permanent  join  with  lower  insertion  loss?,Fusion  splicer,Crimper,Punchdown  tool,Block  tool,2,NO,A,25
A  solutions  architect  is  determining  where  to  use  fiber  cabling  and  wireless  networks  to  efficiently  and  cost-effectively  deploy  an  infrastructure.  Which  of  the  following  would  most  likely  best  suit  using  wireless  connectivity?,IOT,Video  editing  workstations,SANs,Replacing  Metro  Ethernet,2,NO,A,26
A  solutions  architect  is  designing  a  cable  management  solution.  Which  of  the  following  is  the  most  common  wiring  distribution?,Patch  panel,Krone,110  block,66  Block,2,NO,A,27
A  network  technician  is  laying  out  coax  cables  and  needs  to  order  more  termination  connectors.  What  should  the  technician  order?,F-type,SFP+  DAC,QSFP+  DAC,RJ-11,2,NO,A,28
A  company  calls  a  consultant  to  replace  STP  cabling  and  is  looking  at  the  varying  types.  Which  of  the  following  is  the  most  challenging  to  install?,Legacy  STP,S/FTP,F/UTP,ScTP,2,NO,A,29
A  technician  who  lays  cabling  is  researching  how  the  manufacturer  constructed  fiber  optic  cabling.  Which  of  the  following  reflects  signals  back  into  the  waveguide  as  efficiently  as  possible  so  that  the  light  signal  travels  along  the  waveguide  by  multiple  internal  reflections?,Cladding,Riser,Core,Buffer,2,NO,A,30
A  network  cabling  engineer  reviews  different  fiber  optic  connector  form  factors.  Which  of  the  following  features  a  push-pull  mechanism  that  works  only  in  multimode?,Subscriber  Connector,Straight  Tip,Mechanical  Transfer  Registered  Jack,Local  Connector,2,NO,A,31
A  network  administrator  is  setting  up  cabling  between  buildings  and  needs  to  transmit  the  maximum  distance  possible.  Which  type  of  cabling  would  be  most  suitable?,SMF,MMF,Twisted  pair,Coaxial,2,NO,A,32
A  project  manager  is  preparing  for  an  upcoming  work  assignment  and  is  comparing  available  cable  types  for  use  within  the  project.  What  is  NOT  a  benefit  of  using  fiber  optic  cabling?,Cost,Bandwidth,Interference,Attenuation,2,NO,A,33
A  project  manager  is  preparing  a  team  to  set  up  cabling  infrastructure  in  a  new  building.  Which  of  the  following  tools  should  they  order  to  be  able  to  create  patch  cords?,Crimper/Cable  stripper,Block  tool,Punchdown  tool,Fusion  Splicer,2,NO,A,34
"A  network  technician  is  researching  standards  for  the  physical  and  data  link  layer.  Which  standard,  developed  to  implement  the  functions  of  the  physical  and  data  link  layers  of  the  OSI  model,  is  the  most  important?",802.3,802.1D,802.11,802.1X,2,NO,A,35
"A  project  manager  is  putting  together  supplies  for  a  project  using  fiber  optic  cabling.  The  manager  is  looking  at  the  cabling  core  ferrule,  which  has  the  tightest  connection  and  best  return  loss  performance.  Which  of  the  following  should  the  project  manager  use?",APC,UPC,PC,LC,2,NO,A,36
A  cable  operator  is  tasked  with  assessing  the  use  of  UTP  cabling  in  an  office  building.  What  is  NOT  a  true  statement  regarding  UTP?,UTP  cable  is  less  susceptible  to  interference  and  crosstalk.,Most  twisted  pair  cable  used  in  office  networks  is  UTP.,Modern  buildings  are  often  flood-wired  using  UTP  cabling.,"When  using  the  flood-wired  approach,  it  involves  cables  being  laid  to  every  location  in  the  building  that  may  need  to  support  a  telephone  or  computer.",2,NO,A,37
A  company  is  upgrading  its  current  network  infrastructure  to  Gigabit  Ethernet.  Which  of  the  following  options  concerning  Gigabit  Ethernet  is  true? (Select  all  that  apply.),Works  over  Cat  5e  or  newer,Max  distance  of  100  m for  UTP  cabling  between  node/switch  port  or  between  two  ports,Supports  rates  up  to  1000  Mbps ,Specified  as  100BASE-T,2,YES,ABC,38
A  new  network  engineer  is  deploying  an  architecture  using  Carrier  Sense  Multiple  Access  with  Collision  Detection  (CSMA/CD).  How  does  the  CSMA/CD  protocol  work?,"Data,  check  network,  transmit  data,  collision,  wait,  retransmit","Data,  check  network,  transmit  data,  collision,  retransmit","Data,  transmit,  collision,  wait,  retransmit","Data,  check  network,  transmit  data,  collision,  wait",2,NO,A,39
A  systems  administrator  is  looking  at  technology  in  the  organization's  environment  and  finds  Fast  Link  Pulse.  What  does  this  technology  do?,Sends  link  integrity  test  signals,Does  not  support  autonegotiation,Supports  up  to  10  Mbps,Typically  deployed  on  new  networks,2,NO,A,40
A  network  technician  wants  to  upgrade  the  company's  hub  to  avoid  collisions.  Which  solution  would  help  the  technician  accomplish  this  to  the  fullest  extent?,Switch,Router,Bridge,Hub,3,NO,A,41
"A  network  engineer  is  setting  up  MTU  sizes  to  follow  most  Ether  products.  In  normal  conditions,  what  is  the  maximum  size  of  a  standard  Ethernet  frame,  excluding  the  preamble?",1518,1500,1536,64,3,NO,A,42
A  network  technician  has  set  up  a  link  where  the  cable  length  exceeds  the  distance  limitation  and  may  not  achieve  the  required  speed  or  be  unreliable.  What  should  the  network  technician  use  in  this  case?,Repeater,Media  converter,MDI,Hub,3,NO,A,43
"A  networking  administrator  is  trying  to  power  off  a  Cisco  switch,  but  it  is  not  working.  The  administrator  needs  to  be  in  which  mode  to  perform  this  task?",Privileged  EXEC  Mode/Enable  Mode,Global  Configuration  Mode,User  EXEC  Mode,Autonegotiate  Mode,3,NO,A,44
A  network  technician  wants  to  upgrade  the  company's  hub  to  isolate  collision  domains  from  each  other  and  allow  for  Gigabit  Ethernet.  Which  solution  would  help  the  technician  to  accomplish  this?,Switch,Network  Adapters,Router,Hub,3,NO,A,45
A  network  architect  is  assessing  network  performance.  Which  of  the  following  is  part  of  the  CSMA/CD  protocol  to  identify  collisions  early?  (Select  all  that  apply.),Preamble,SFD,CRC,FCS,3,YES,AB,46
A  networking  project  manager  needs  switches  that  can  connect  together  and  operate  as  a  group.  Which  of  the  following  should  the  project  manager  use?,Stackable,Managed,Modular,Rack-mounted,3,NO,A,47
A  network  administrator  is  setting  up  connection  points  for  multiple  devices  to  connect.  Which  of  the  following  cannot  be  configured?,Hub,Bridge,Switch,Router,3,NO,A,48
A  server  administrator  needs  to  allow  a  server  to  instruct  the  switch  to  pause  traffic  temporarily  to  avoid  overwhelming  its  buffer  and  causing  it  to  drop  frames.  What  should  the  server  administrator  set  up?,Flow  control,Jumbo  frames,Port  mirroring,Port  aggregation,3,NO,A,49
"A  network  technician  is  setting  up  a  connection  between  switches,  but  the  switches  cannot  establish  a  connection.  Which  of  the  following  would  be  the  most  likely  cause  of  the  switch's  inability  to  establish  a  connection?",Dual  MDI-X  ports,Uplink  port,Crossover  cables,Autonegotiation,3,NO,A,50
A  help  desk  operator  is  trying  to  identify  the  vendor  for  a  piece  of  equipment.  What  could  the  help  desk  operator  check  to  determine  the  vendor?,OUI,Last  six  digits  of  a  MAC  address,I/G  bit  of  a  MAC  address,FCS,3,NO,A,51
"Due  to  budgetary  restraints,  a  systems  administrator  is  setting  up  servers  with  standard  network  interface  cards  (NICs)  using  the  most  cost-effective  methods.  Which  of  the  following  do  most  standard  NICs  support?  (Select  all  that  apply.)",Gigabit  Ethernet,Fast  Ethernet,40  GbE,Fiber  Link,3,YES,AB,52
A  cable  operator  needs  to  transition  a  cable  from  one  type  to  another.  Which  of  the  following  would  best  help?,Media  converter,MDI,Repeater,Hub,3,NO,A,53
A  systems  administrator  needs  to  combine  multiple  1  Gbps  connections  to  be  able  to  support  2  Gbps  connections.  What  should  the  administrator  set  up?,NIC  teaming,CAM  table,Port  security  configuration,Auto-MDI/MDIX,3,NO,A,54
A  systems  administrator  is  trying  to  troubleshoot  frames  moving  over  a  10  gigabit  network  and  wants  to  set  up  the  most  optimal  solution.  Which  of  the  following  should  the  sysadmin  use?,Active  tap,SPAN  port,Passive  tap,I/G,3,NO,A,55
A  help  desk  technician  is  troubleshooting  communications  between  a  client  and  print  server.  They  are  trying  to  perform  the  step  to  identify  symptoms  and  duplicate  the  problem.  Which  of  the  following  does  NOT  fall  under  this  step?,Question  the  obvious,Physical  inspection,Check  system  logs,Use  a  test  system,4,NO,A,56
A  help  desk  operator  is  troubleshooting  a  site  that  is  no  longer  responsive.  Which  of  the  following  is  the  last  step  the  operator  should  perform?,Document  findings,Implement  solution,Determine  cause,Establish  plan  of  action,4,NO,A,57
A  network  technician  is  troubleshooting  a  connection  from  a  client  and  decides  to  use  the  bottom  to  top  troubleshooting  methodology.  Which  step  would  the  technician  perform  first?,Determine  if  hardware-related,Determine  subsystem,Isolate  subsystem  variables,Test  theory,4,NO,A,58
A  network  operator  is  troubleshooting  connectivity  issues  and  suspects  that  the  transceiver  is  the  source  of  the  problem.  What  should  the  network  operator  perform?,Use  a  loopback  tool,Check  patch  cord  termination,Change  the  patch  cord,Substitute  known  working  hosts,4,NO,A,59
A  help  desk  operator  is  troubleshooting  a  site  that  is  no  longer  responsive.  Which  of  the  following  is  the  first  step  the  operator  should  perform?,Identify  the  problem,Determine  cause,Establish  plan  of  action,Document  findings,4,NO,A,60
A  network  operator  is  trying  to  troubleshoot  kinks  and  imperfections  in  cabling  that  could  affect  performance.  What  should  the  network  operator  use  to  test  the  cabling?,TDR,dB,SNR,ms,4,NO,A,61
A  help  desk  technician  is  trying  to  troubleshoot  the  end  of  a  cable  but  is  uncertain  where  the  other  end  is.  What  could  the  technician  use  to  help  find  the  other  end  of  the  cable?,Fox  and  Hound,Multimeter,Wire  map  tester,Loopback  tool,4,NO,A,62
A  help  desk  technician  is  helping  to  troubleshoot  a  switch's  connectivity  issues.  Users  report  that  they  are  receiving  a  blinking  amber  light.  This  is  indicative  of  what  type  of  issue?,Fault  detected,Port  disabled,Disconnect  at  other  end,Connected  but  no  traffic,4,NO,A,63
A  systems  manager  is  preplanning  for  the  event  that  critical  servers  will  fail.  Which  of  the  following  would  be  the  most  likely  plan  of  action?,Replace,Repair,Ignore,Destroy,4,NO,A,64
A  network  technician  is  trying  to  troubleshoot  attenuation  and  measure  accordingly.  What  unit  of  measurement  expresses  attenuation?,dB,SNR,ms,Mbps,4,NO,A,65
A  helpdesk  technician  is  reviewing  the  network  layout  in  various  areas.  What  is  the  purpose  of  subnetting?,Layer  3  segments,Layer  2  tracking,Port  security,Flow  control,5,NO,A,66
A  security  technician  is  looking  at  binary  and  trying  to  convert  it  to  an  IP  address.  The  first  field  is  00110011.  What  does  this  translate  to  in  decimal?,51,198,100,1,5,NO,A,67
A  network  architect  is  planning  a  new  setup  for  a  new  company  that  has  yet  to  build  buildings.  Which  of  the  following  would  the  architect  set  up  for  a  /16  network?,Class  B,Multicast,Class  A,Class  C,5,NO,A,68
A  security  analyst  is  reviewing  various  subnets  that  are  set  aside  for  various  purposes.  What  is  the  subnet  192.0.2.0/24  and  198.51.100.0/24  set  aside  for?,Documentation  and  examples,Variety  of  special  purposes,Local  network  address  not  known,DHCP  lease,5,NO,A,69
A  client  is  trying  to  connect  to  a  network.  The  client  can  get  an  IP  address  but  does  not  have  internet  access  and  decides  to  see  if  they  are  issued  an  APIPA  address.  Which  of  the  following  would  fall  under  the  APIPA  range?,169.254.0.0  through  169.254.255.255,10.0.0.0  to  10.255.255.255,172.16.0.0  to  172.31.255.255,192.168.0.0  to  192.168.255.255,5,NO,A,70
A  network  administrator  wants  to  be  able  to  address  multiple  address  hosts.  Which  of  the  following  would  accomplish  this  task?  (Select  all  that  apply.),Broadcast,ff:ff:ff:ff:ff:ff,Unicast,255.255.240.0,5,YES,AB,71
A  network  administrator  is  working  for  a  large  company  on  a  subnet  that  requires  an  8  bit  mask.  Which  of  the  following  would  that  be?,255.0.0.0,255.255.0.0,255.255.255.0,255.255.255.255,5,NO,A,72
A  helpdesk  operator  is  troubleshooting  communication  issues  for  devices  in  different  broadcast  domains.  Which  device  is  necessary  in  order  for  nodes  to  communicate  in  separate  broadcast  domains?,Router,Switch,Hub,Modem,5,NO,A,73
A  security  analyst  is  reviewing  malicious  packets  and  trying  to  understand  the  IPv4  header.  What  is  the  first  field  in  an  IPv4  header?,Version,Header  Length,Protocol,Source  address,5,NO,A,74
A  security  architect  is  dividing  a  network  into  logically  distinct  zones  for  security  and  administrative  control.  Which  of  the  following  should  the  security  architect  use?,VLANs,CAMs,Port  security,Flow  control,5,NO,A,75
A  systems  administrator  attempts  to  allow  one  host  on  the  Internet  to  send  content  to  other  hosts  that  have  identified  themselves  as  interested  in  receiving  the  originating  host's  content.  What  should  the  administrator  use  to  accomplish  this?,Multicast,Anycast,Broadcast,Unicast,5,NO,A,76
"A  systems  administrator  is  looking  into  communications  issues  on  a  server.  If  the  destination  IPv4  address  is  on  a  different  IP  network  or  subnet,  where  will  the  host  send  the  traffic?",Default  gateway,CAM,SFD,MTRJ,5,NO,A,77
A  network  administrator  wants  to  use  a  subnet  mask  containing  62  usable  addresses.  Which  of  the  following  subnet  masks  should  the  administrator  use?,255.255.255.192,255.255.255.240,255.255.255.224,255.255.255.128,5,NO,A,78
A  security  analyst  is  looking  at  traffic  directed  to  0.0.0.0/8.  For  what  purpose  is  this  IP  range  typically  used?,Source  address  by  client  seeking  a  DHCP  lease,Variety  of  special  purposes,To  check  that  TCP/IP  is  correctly  installed  on  the  local  host,Examples,5,NO,A,79
"A  security  administrator  is  investigating  a  CAM  table  flooded  by  an  attacker.  In  the  packet  capture,  what  protocol  should  the  security  administrator  filter  on  to  look  at  related  traffic?",ARP,IP,TCP,HTTP,5,NO,A,80
A  security  technician  is  analyzing  packets  on  an  IPv6  network.  Which  of  the  following  headers  would  indicate  a  multicast  packet?  (Select  all  that  apply.),1111  1111,ff,11,fe80,6,YES,AB,81
A  network  technician  is  trying  to  diagnose  a  network  where  something  is  consuming  a  lot  of  bandwidth  and  slowing  down  the  network.  Which  of  the  following  would  point  to  this?,Multicast  transmissions,IGMP  snooping,Host  resolution  issues,Duplicate  IPs,6,NO,A,82
A  helpdesk  technician  is  troubleshooting  issues  on  a  Windows  client.  Which  command  does  the  technician  use  to  clear  the  current  IP  address  so  that  a  new  one  may  be  obtained?,ipconfig  /release,ipconfig  /flushdns,ipconfig  /all,ipconfig  /renew,6,NO,A,83
A  network  administrator  is  diagnosing  a  suspected  problem  with  local  addressing  and  packet  delivery.  Which  of  the  following  commands  would  the  administrator  use  to  add  an  entry  to  the  ARP  cache?,arp  -s,arp  -a,arp  -d,arp  -g,6,NO,A,84
A  helpdesk  technician  is  setting  up  a  new  IP  configuration  for  a  new  Ethernet  adapter  on  a  client  using  PowerShell.  Which  command  should  the  technician  use?,New-NetIPAddress,Set-NetIPAddress,"netsh  interface  ip  set  address  ""Ethernet""  dhcp","netsh  interface  ip  set  address  ""Ethernet""  static  10.1.0.1  255.255.255.0  10.1.0.254",6,NO,A,85
A  network  technician  is  setting  up  IPv6  global  addressing.  Which  of  the  following  is  NOT  part  of  an  IPv6  unicast  address?,Starts  with  fe80,Starts  with  001,Network  ID,Subnet,6,NO,A,86
A  project  manager  is  visiting  a  new  building  and  connects  to  the  network.  The  manager  performs  all  connectivity  tests  by  IP  address  but  cannot  ping  by  host  name.  What  is  most  likely  the  problem?,DNS,UPS  issues,DHCP,Duplicate  MACs,6,NO,A,87
"A  helpdesk  operator  is  troubleshooting  communications  between  devices  in  the  same  location,  but  one  is  having  issues  communicating  with  the  others.  Which  of  the  following  will  have  issues?","Host  D:  IP:  192.168.0.10,  Mask:  255.255.255.0","Host  A:  IP:  192.168.1.10,  Mask:  255.255.255.0","Host  B:  IP:  192.168.1.11,  Mask:  255.255.255.0","Host  C:  IP:  192.168.1.21,  Mask:  255.255.0.0",6,NO,A,88
A  security  technician  is  analyzing  IPv6  traffic  and  looking  at  incomplete  addresses.  Which  of  the  following  is  a  correct  IPv6  address?,2001:db8:abc:def0::1234,2001:db8::abc::def0:1234,2001:db8::abc:def0::1234,2001::db8:abc:def0::1234,6,NO,A,89
A  network  administrator  is  setting  up  router  advertisements  through  Neighbor  Discovery  protocol  on  an  IPv6  network.  Which  of  the  following  is  NOT  one  of  the  main  functions?,Error  messaging,Address  autoconfiguration,Prefix  discovery,Local  address  resolution,6,NO,A,90
A  consultant  is  visiting  a  new  project  and  forgot  to  take  the  manual  configurations  off  the  computer  from  the  last  project.  The  client  receives  issues  due  to  a  disabled  IP.  What  does  the  client  most  likely  have?,Duplicate  IPs,Duplicate  MACs,Incorrect  subnet  mask,Interface  status  issues,6,NO,A,91
A  network  administrator  is  diagnosing  a  suspected  problem  with  local  addressing  and  packet  delivery.  Which  of  the  following  commands  would  the  administrator  use  to  flush  the  ARP  cache?,arp  -d,arp  -a,arp  -g,arp  -s,6,NO,A,92
A  security  engineer  is  analyzing  IPv6  packets.  Which  of  the  following  header  fields  is  for  quality  of  service?,Flow  label,Traffic  class,Payload  length,Hop  limit,6,NO,A,93
A  Linux  systems  administrator  wants  to  interface  correctly  with  modern  network  configuration  manager  packages.  Which  of  the  following  would  be  best  to  accomplish  this?,iproute2,net-tools,ifconfig,ipconfig,6,NO,A,94
A  helpdesk  technician  is  trying  to  troubleshoot  a  client  who  is  having  issues  with  its  network  adapter.  What  should  the  technician  try  first?,Driver,Overheating,Check  fans  for  dust,Check  for  a  UPS,6,NO,A,95
A  storage  administrator  notices  that  packets  from  their  storage  devices  are  often  fragmented.  Which  of  the  following  would  be  the  cause  of  this?,MTU,Flow  label,Static  route,Hop  count,7,NO,A,96
A  network  administrator  is  setting  up  an  Exterior  Gateway  Protocol  (EGP).  Which  of  the  following  protocols  is  part  of  the  EGP  class?,BGP ,RIP,EIGRP,OSPF,7,NO,A,97
A  network  technician  is  looking  at  the  route  configurations  for  the  organization's  environment.  What  is  it  called  when  the  IP  network  or  subnet  for  each  active  router  interface  gets  automatically  added  to  the  routing  table?,Directly  connected  routes,Static  route,Default  route,Local  route,7,NO,A,98
A  Windows  server  administrator  wants  to  view  the  routing  table  of  end  systems.  Which  command  should  the  administrator  use?,route  print,ip  route  show,route  add  192.168.3.0  mask  255.255.255.0  192.168.5.1  metric  2,ip  route  w.x.y.z,7,NO,A,99
A  network  operator  is  calculating  the  amount  of  loss  suffered  by  all  components  along  a  fiber  transmission  path.  What  is  this  called?,Loss  budget,Attenuation,Connectors,Splices,7,NO,A,100
A  network  technician  is  attempting  to  prevent  poorly  addressed  packets  from  permanently  circulating  the  network.  Which  of  the  following  will  decrement  when  it  passes  through  switches?,Neither  hop  count  nor  TTL,Hop  count,TTL,Flow  label,7,NO,A,101
A  network  technician  is  looking  at  various  protocols  which  support  subnetting  and  supernetting.  Which  of  the  following  protocols  does  NOT  support  subnetting  and  supernetting?,IGRP,RIPv2,EIGRP,OSPF,7,NO,A,102
A  network  administrator  is  troubleshooting  the  whole  path  between  two  Windows  nodes  with  a  view  to  isolating  the  node  or  link  that  is  causing  the  problem.  Which  command  should  they  use?,tracert,route,traceroute,ip  route  show,7,NO,A,103
A  security  engineer  is  looking  at  IPv6  packets  and  observes  packets  for  a  default  route.  Which  of  the  following  represent  a  default  route?,::/0,Starts  with  001,Starts  with  1111  1111,Starts  with  fe80,7,NO,A,104
A  network  administrator  is  looking  through  routing  tables  to  troubleshoot  issues.  Which  of  the  following  is  NOT an  entry  in  the  routing  table?,Traffic  class,Destination,Interface,Gateway,7,NO,A,105
A  network  architect  is  comparing  RIP  vs.  EIGRP.  What  is  a  key  difference  between  the  two?,Full  vs  incremental  routing  updates,Simple  vs  complex,One  is  IGP  and  the  other  EGP,Only  one  is  distance  vector,7,NO,A,106
A  network  architect  is  looking  at  the  topology  and  metrics  used  to  build  and  update  a  routing  information  base.  Most  routing  information  bases  get  classified  as  which  of  the  following?  (Select  all  that  apply.),Distance  vector,Link  state,Convergence,Prefix  discovery,7,YES,AB,107
A  network  technician  is  looking  at  a  router  configuration.  Which  of  the  following  is  NOT  a  mechanism  for  preventing  routing  loops?,Convergence,Maximum  hop  count,Holddown  timer,Split  horizon,7,NO,A,108
A  network  architect  is  researching  distance  vector  protocols  to  use.  Which  of  the  following  should  the  architect  look  into?  (Select  all  that  apply.),RIP,EIGRP,OSPF,BGP,7,YES,AB,109
A  network  technician  is  looking  at  the  interfaces  on  an  edge  router.  The  technician  comes  across  a  customer's  router.  What  is  this  side  of  the  interface  called?,CE,PE,SOHO,WAN,7,NO,A,110
"A  network  administrator  is  looking  at  a  network  where  network  utilization  approaches  maximum  capacity,  and  the  CPU  utilization  of  the  switches  jumps  to  80  percent  or  more.  What  is  this  called?",Broadcast  storm,Spanning  tree,BPDU,DP,8,NO,A,111
A  network  administrator  is  trying  to  figure  out  which  switch  will  be  rooted  in  a  spanning  tree  protocol  set  up.  Which  of  the  following  would  determine  the  root?,Lowest  ID,Highest  ID,BPDU,DPs,8,NO,A,112
A  network  administrator  is  determining  untagged  port  logic  for  a  frame  addressed  to  a  port  in  the  same  VLAN  on  the  same  switch.  What  would  happen?,No  tag  is  added,Forwarded  to  trunk,Tag  is  stripped,The  packet  is  dropped,8,NO,A,113
"A  network  analyst  is  looking  at  traffic  from  switches  to  other  switches,  which  determines  the  shortest  path.  What  is  this  called?",BPDU,Bus,DPs,Lowest  ID,8,NO,A,114
"A  network  engineer  is  looking  at  a  local  area  network  (LAN)  which  uses  structured  cabling,  two  24-port  switches  and  a  router  to  provide  connectivity.  What  type  of  LAN  is  this  most  likely?",SME,Residential,SOHO,PAN,8,NO,A,115
A  security  architect  is  looking  over  network  topologies  where  each  endpoint  node  connects  to  a  central  forwarding  node.  What  is  this  called?,Star,Mesh,Client  server,Point-to-point,8,NO,A,116
A  network  technician  is  studying  a  network  topology  where  each  node  wires  to  its  neighbor  in  a  closed  loop.  What  is  this  called?,Ring,Star,Peer-to-peer,Bus,8,NO,A,117
A  network  administrator  is  looking  at  a  switch  where  the  network  is  not  converged.  What  does  this  mean?,Regular  communications  are  not  taking  place,Builds  MAC  address  table,Discovers  topology  of  network,Drops  BPDU  frames,8,NO,A,118
A  network  architect  is  reviewing  the  architecture  for  a  large  company.  Which  of  the  following  tiers  is  NOT part  of  the  traditional  three-tiered  network  hierarchy?,Bus,Access,Distribution,Core,8,NO,A,119
A  network  administrator  wants  to  set  up  a  switch  with  a  voice  or  auxiliary  Virtual  Local  Area  Network  (VLAN)  to  distinguish  the  PC  and  VoIP  traffic  without  having  to  set  up  a  trunk  port.  Which  of  the  following  commands  should  the  administrator  perform  first?,interface  GigabitEthernet0/0,switchport  mode  access,switchport  access  vlan  100,switchport  voice  vlan  101,8,NO,A,120
"A  network  architect  is  researching  VLAN  IDs  (VID)  for  each  frame,  to  preserve  them  for  the  receiving  switch  to  forward  them  correctly.  The  network  architect  should  look  at  which  standard?",802.1Q,802.1p,802.1x,802.3,8,NO,A,121
A  network  operator  is  reviewing  a  network  topology  where  all  nodes  share  the  bandwidth  of  the  media.  What  is  this  called?,Bus,Star,Client  server,Ring,8,NO,A,122
A  network  technician  does  not  have  enough  ports  on  a  single  switch  and  has  to  connect  multiple  switches.  What  should  the  technician  research  for  interconnections  between  switches?,Trunks,MDI-X,Uplink  port,Crossover  cables,8,NO,A,123
"A  network  architect  is  reviewing  a  network  where  application  services  and  resources  are  centrally  provisioned,  managed,  and  secured.  What  is  this  called?",Client  server,Peer  to  peer,Point  to  point,SOHO,8,NO,A,124
"A  network  administrator  is  setting  up  Virtual  Local  Area  Networks  (VLANs)  for  various  segments,  such  as  voice  and  data.  Which  of  the  following  IDs  is  the  default  VLAN?",1,10,20,100,8,NO,A,125
A  systems  engineer  is  looking  at  running  services  on  the  company's  Linux  hosts  and  wants  to  include  ports  in  the  listening  state  in  the  output.  Which  netstat  switch  should  the  engineer  use?,#NAME?,#NAME?,#NAME?,#NAME?,9,NO,A,126
A  security  analyst  wants  to  reconstruct  the  packet  contents  for  a  Transmission  Control  Protocol  (TCP)  session  in  Wireshark.  Which  function  should  the  security  analyst  use?,Follow  TCP  Stream,Statistics,Conversations,Protocol  Hierarchy,9,NO,A,127
A  security  analyst  is  reviewing  UDP  traffic  headers.  Which  of  the  following  is  NOT  a  field  in  a  UDP  traffic  header?,Window,Source  port,Destination  Port,Checksum,9,NO,A,128
A  penetration  tester  has  performed  a  quick  service  enumeration  with  Nmap  and  now  wants  to  further  enumerate  the  findings.  Which  parameter  should  the  pen  tester  use  in  the  command?,#NAME?,#NAME?,#NAME?,#NAME?,9,NO,A,129
A  systems  administrator  needs  network  visibility  to  establish  the  logical  topology  of  routers  and  subnets.  Which  of  the  following  is  a  lightweight  standalone  tool  which  will  allow  the  administrator  to  easily  scan  for  IPs?,PRTG,IPAM,DDI,ManageEngine,9,NO,A,130
A  security  engineer  is  looking  at  Transmission  Control  Protocol  (TCP)  traffic  headers.  Which  of  the  following  allows  the  receiver  to  rebuild  the  message  correctly?,Sequence  number,Urgent  pointer,Window,Ack  number,9,NO,A,131
"A  security  analyst  is  looking  at  traffic  from  older  devices  between  ports  2,000  -  3,000.  What  is  this  traffic  most  likely?",Client  ports,Well-known  applications,Dynamic  use,Sockets,9,NO,A,132
A  server  administrator  is  analyzing  a  normal  Transmission  Control  Protocol  (TCP)  Teardown  connection  to  their  servers.  How  many  FIN-WAIT  states  does  the  client  go  through  during  this  process?,Two,One,Three,Four,9,NO,A,133
A  penetration  tester  wants  to  perform  remote  port  scanning.  Which  Nmap  scan  fast  technique  as  the  scanning  host  requests  a  connection  without  acknowledging  it?,-sS ,#NAME?,#NAME?,#NAME?,9,NO,A,134
A  network  administrator  is  looking  at  packet  captures  from  the  network  and  trying  to  isolate  email  traffic.  Which  of  the  following  should  the  network  administrator  include?  (Select  all  that  apply.),TCP  25,TCP  143,UDP  161,TCP  123,9,YES,AB,135
An  organization  is  using  IPv4  addresses.  Which  of  the  following  records  will  resolve  a  hostname  to  the  IP  address?,A,AAAA,CNAME,Alias,10,NO,A,136
ICANN  is  a  non-profit  organization  that's  dedicated  to  keeping  the  Internet  secure.  What  does  ICANN  manage?  (Select  all  that  apply.),Generic  TLDs,DNS,Country  codes,FQDNs,10,YES,AB,137
An  administrator  is  using  DHCP  and  wants  to  retain  centralized  management  of  IP  addressing  but  needs  to  ensure  that  specific  devices  that  supply  always-on  functionality  have  static  IP  address  assignments.  What  is  the  best  solution?,Create  reservations,Configure  static  assignments  on  those  devices,Assign  addresses  from  a  specially  configured  exclusion  range,Configure  scopes,10,NO,A,138
"A  user  has  typed  www.network.com  into  a  web  browser.  The  domain  name  server  cannot  resolve  the  name,  so  it  is  querying  other  name  servers  to  try  to  find  it.  What  kind  of  lookup  is  the  domain  name  server  performing?",Recursive,Iterative,Start  of  authority,Resource  record,10,NO,A,139
An  administrator  is  configuring  a  DHCP  server.  What  configurations  must  the  administrator  apply  to  the  server?  (Select  all  that  apply.),The  server  must  receive  a  static  IP  address,The  administrator  must  configure  a  scope,The  server  must  receive  a  dynamic  IP  address,The  administrator  must  configure  the  DHCPDISCOVER  packet,10,YES,AB,140
An  administrator  is  configuring  the  TCP/IP  settings  in  workstations  and  wants  to  use  the  solution  with  the  least  amount  of  overhead.  What  setting  will  the  administrator  select?,DHCP,UDP,TCP,IP,10,NO,A,141
An  organization  has  multiple  subnets  but  is  only  using  one  DHCP  server.  How  is  this  possible?  (Select  all  that  apply.),DHCP  relay,UDP  forwarding,Stateless  address  autoconfiguration,Default  gateway,10,YES,AB,142
An  administrator  configures  a  new  mail  server  to  meet  the  organization's  goals.  Which  record  lists  the  IP  addresses  or  names  of  servers  that  can  send  email  from  a  particular  domain  and  combats  the  sending  of  spam?,SPF,SRV,TXT,MX,10,NO,A,143
A  client  is  attempting  to  renew  its  lease  with  the  DHCP  server  so  that  it  can  keep  the  same  IP  addressing  information.  How  much  of  the  lease  duration  has  lapsed?,At  least  50%,At  least  87.5%,At  least  0,At  least  255,10,NO,A,144
An  administrator  ran  a  command  and  determined  that  the  FQDN  of  a  client  is  forbes.sales.realty.com.  What  is  the  hostname  of  the  client?,forbes,com,sales,realty,10,NO,A,145
A  growing  organization  wants  an  elementary  web  presence  for  its  business.  They  do  not  intend  to  perform  any  e-commerce  with  their  website.  Which  of  the  following  is  the  best  option  for  the  organization  to  move  forward  with?,Shared  hosting,Virtual  private  server  (VPS),Cloud  hosting,Dedicated  server,11,NO,A,146
An  organization  is  working  to  secure  email  traffic.  What  are  some  methods  the  organization  could  use  to  do  this?  (Select  all  that  apply.),STARTTLS,SMTPS,SMTP,MX  record,11,YES,AB,147
An  organization  is  using  video  conferencing  to  conduct  meetings  between  different  locations.  Which  of  the  following  protocols  provides  information  that  allows  the  network  stacks  to  adjust  the  quality  of  service  parameters?,RTCP,SIP,SIP  URI,RTP,11,NO,A,148
A  server  is  running  Microsoft  SQL  Server  and  is  replicating  the  data  to  other  Microsoft  SQL  servers  on  the  network.  The  application  service  is  using  which  principal  port?,TCP  1433,TCP  1521,TCP  3306,TCP  5432,11,NO,A,149
"An  administrator  updated  an  A  (address)  record,  but  it  took  the  client  computers  approximately  five  minutes  to  recognize  the  change.  What  update  can  the  administrator  make  on  the  resource  record  to  allow  changes  to  propagate  through  the  network  more  quickly?",Decrease  the  TTL,Increase  the  TTL,DNS  cache  on  the  servers,DNS  cache  on  the  clients,11,NO,A,150
"Which  of  the  following  remote  print  protocols  allows  secure  connections  to  a  print  device  and  allows  it  to  advertise  service  capabilities  over  the  network,  provide  plug-and-play  installation  for  Windows  and  iOS  devices,  and  use  bidirectional  status  messaging?",Web  Services  for  Devices  (WSD)/AirPrint,Printer  sharing,Port  9100,Internet  Printing  Protocol  (IPP),11,NO,A,151
An  organization  is  converting  from  landline  telephones  to  VoIP  handsets.  Some  of  the  current  landline  locations  do  not  have  electrical  outlets  nearby.  What  can  the  organization  use  to  power  the  replacement  handsets  in  these  cases?  (Select  all  that  apply.),PoE,Batteries,LAN  port,PBX,11,YES,AB,152
A  mail  administrator  configured  the  DNS  server  to  allow  connections  on  TCP  port  53.  Why  would  the  administrator  make  this  kind  of  configuration?,The  network  is  using  IPv6,The  network  is  using  IPv4,The  network  is  using  Windows,The  network  is  using  Linux,11,NO,A,153
"An  organization  is  converting  from  landline  telephones  to  VoIP  handsets,  but  still  needs  to  use  fax  machines  in  many  of  the  offices.  What  can  the  organization  use  to  allow  the  fax  machines  to  operate  on  the  new  VoIP  system?",VoIP  gateway,POTS,PBX,TDM  PBX,11,NO,A,154
"During  an  office  upgrade,  a  technician  is  tasked  with  configuring  the  DNS  server.  What  ports  can  be  used  when  configuring  a  DNS  service?  (Select  all  that  Apply).",UDP  port  53 ,TCP  port  53 ,TCP  port  80,UPD  port  161,11,YES,AB,155
An  administrator  is  uploading  configuration  files  to  a  web  server  using  an  FTP  client.  The  client  sent  a  PORT  command  to  the  server  that  contained  the  connection  port  number.  Then  the  server  opened  the  connection  using  that  port  number  on  the  client  and  port  20  on  the  server.  What  type  of  FTP  connection  is  the  administrator  using?,Active  FTP,FTP,TFTP,Passive  FTP,11,NO,A,156
"An  organization  has  secured  its  website  with  SSL/TLS  (Secure  Sockets  Layer/Transport  Layer  Security).  By  default,  what  port  will  this  encrypted  traffic  use?",TCP  port  443,TCP  port  80,TCP  port  53,UDP  port  53,11,NO,A,157
What  tools  can  a  Windows  administrator  use  to  troubleshoot  DNS  issues  without  installing  additional  software? (Select  all  that  apply.),nslookup,ipconfig  /all,dig,hostname  --fqdn,11,YES,AB,158
"A  client's  browser  has  requested  a  web  page.  What  protocol,  at  the  Application  layer  of  the  OSI  model,  makes  the  request?",HTTP,TCP,HTML,POST,11,NO,A,159
An  organization  needs  to  use  shared  mailboxes  for  managing  customer  inquiries.  What  mailbox  access  protocol  should  the  clients  utilize  to  retrieve  the  mail  over  secured  connections?,IMAPS,POP3S,IMAP,MAPI,11,NO,A,160
An  administrator  has  blocked  access  to  port  23  to  prevent  users  from  using  an  unsecure  terminal  emulation  software  and  protocol.  What  is  the  administrator  blocking  the  use  of?,Telnet,FTP,SSH,TFTP,12,NO,A,161
"A  file  server  on  the  network  is  receiving  synchronized  time  so  that  it  can  communicate  properly,  however  it  cannot  provide  synchronized  time  for  other  devices  on  the  network.  Why  is  this?",The  server  supports  only  SNTP,The  server  supports  only  NTP,The  server  is  a  stratum  1  server,The  server  is  a  stratum  2  server,12,NO,A,162
An  organization  is  using  the  Simple  Network  Management  Protocol  (SNMP)  for  remote  management  and  monitoring  of  servers  and  network  appliances  and  must  deploy  an  agent  to  each  device.  Where  are  the  statistics  relating  to  the  activity  of  each  device  kept?,MIB,OID,Get,Trap,12,NO,A,163
An  organization  deployed  components  so  that  they  could  use  NetFlow  to  measure  network  traffic  statistics.  Which  of  the  deployed  components  needs  a  high  bandwidth  network  link  and  substantial  storage  capacity?,NetFlow  collector,NetFlow  exporter,NetFlow  analyzer,IPFIX,12,NO,A,164
An  administrator  is  monitoring  the  performance  metrics  for  a  server  and  notices  that  the  system  memory  utilization  is  very  high.  What  does  this  indicate?,The  system  needs  an  upgrade,There  is  a  problem  with  network  traffic,There  is  low  storage  space,The  storage  I/O  is  too  slow,12,NO,A,165
An  administrator  needs  to  access  servers  using  a  key  pair.  What  command  can  the  administrator  use  to  create  the  key  pair?,ssh-keygen,ssh-agent,sshd,ssh  Host,12,NO,A,166
A  server  is  using  its  host  key  to  establish  a  secure  channel  for  clients  to  authenticate  to  the  secure  shell  (SSH)  server.  Which  of  the  following  methods  can  establish  the  channel?  (Select  all  that  apply.),Username/password,Public  key  authentication,Kerberos,Terminal  emulation,12,YES,ABC,167
A  Windows  administrator  needs  to  perform  administrative  tasks  on  servers  at  a  different  location  and  prefers  to  use  a  graphical  user  interface.  What  is  the  best  tool  for  the  administrator  to  use?,RDP,Telnet,SSH,NTP,12,NO,A,168
An  organization  is  designing  a  new  data  center.  What  types  of  environmental  issues  should  the  organization  implement  sensors  for?  (Select  all  that  apply.),Temperature,Humidity,Electrical,Thunderstorms,12,YES,ABC,169
An  organization  has  ten  employees  in  the  finance  department  that  all  use  the  accounting  system  for  different  purposes.  An  administrator  is  reviewing  logs  and  has  discovered  that  all  of  the  finance  employees  are  using  the  same  login  to  access  the  accounting  system.  Which  log  was  the  administrator  reviewing?,Audit  log,System  log,Application  log,Traffic  log,12,NO,A,170
"An  administrator  received  a  Syslog  alert,  code  2.  What  level  does  this  indicate  the  issue  is?",Critical,Notice,Alert,Error,12,NO,A,171
The  amount  of  data  traffic  both  sent  and  received  or  calculated  as  a  percentage  of  the  available  bandwidth  is  known  as  which  interface  monitoring  metric?,Utilization,Resets,Speed,Duplex,13,NO,A,172
A  security  professional  is  working  to  identify  all  the  ways  a  threat  agent  can  breach  security.  What  security  concept  does  the  threat  actor  represent?,Threat,Vulnerability,Availability,Risk,13,NO,A,173
An  organization  that  issues  public  keys  should  obtain  a  digital  certificate.  What  does  the  digital  certificate  contain?  (Select  all  that  apply.),Information  on  the  certificate's  guarantor,Information  about  the  subject,The  subject's  public  key,Public  key  infrastructure,13,YES,ABC,174
An  organization  is  using  Lightweight  Directory  Access  Protocol  (LDAP)  to  update  the  directory  database.  The  administrator  insists  that  steps  to  ensure  access  to  the  directory  has  already  been  completed  and  is  secure.  What  authentication  methods  will  the  administrator  disable?  (Select  all  that  apply.),Simple  bind,No  authentication,SASL,LDAPS,13,YES,AB,175
"A  security  administrator  is  studying  the  relationship  between  vulnerabilities,  threats,  and  risks.  Which  of  the  following  is  a  true  statement  regarding  these  categories?",A  threat  is  a  potential  for  an  entity  to  breach  security,Risk  =  vulnerability  *  threat,A  vulnerability  is  the  likelihood  or  impact  of  a  threat,Weaknesses  in  a  system  that  can  be  triggered  are  risks,13,NO,A,176
"An  employee  logs  into  their  computer  when  they  arrive  at  work  and,  regardless  of  what  network  resources  they  access  throughout  the  day,  they  do  not  have  to  log  in  to  anything  else.  What  type  of  authentication  is  this?",Single  sign-on,Windows  local  sign-in,Windows  network  sign-in,Remote  sign-in,13,NO,A,177
Which  of  the  following  processes  of  an  identity  and  access  management  (IAM)  system  proves  that  the  user  is  who  they  say  they  are?,Authentication,Identification,Authorization,Accounting,13,NO,A,178
An  organization  has  identified  that  they  must  be  able  to  continually  process  customer  payments  and  pay  employee  salaries  to  keep  the  business  running  even  in  the  event  of  a  service  disruption  as  mission  essential  functions.  What  kind  of  assessment  did  the  organization  use  to  make  these  determinations?,Process  assessment,Risk  assessment,Posture  assessment,Business  impact  analysis,13,NO,A,179
An  administrator  needs  to  perform  maintenance  on  routers  and  switches  and  is  authenticating  to  them  over  TCP  port  49.  What  protocol  is  the  administrator  using?,TACACS+,RADIUS,EAP,IEEE  802.1X  Port-based  NAC,13,NO,A,180
An  organization  hired  a  security  firm  to  hack  into  its  systems  in  order  to  determine  what  type  of  exploitable  weaknesses  the  organization  was  vulnerable  to.  What  kind  of  testing  is  this?,Penetration  testing,Vulnerability  scanning,Threat  hunting,Zero-day,13,NO,A,181
Network  users  are  reporting  issues  with  videos  constantly  buffering.  What  kinds  of  issues  should  the  administrator  test  for?  (Select  all  that  apply.),Packet  loss,Latency,Jitter,Success/fail  type  events,13,YES,ABC,182
A  sysadmin  is  looking  into  bandwidth  management.  Which  kind  of  bandwidth  management  technology  uses  a  header  field  to  indicate  a  priority  value  for  a  layer  3  (IP)  packet?,DiffServ,IEEE  802.1p,Traffic  shaper,Expedited  forwarding,13,NO,A,183
An  organization  hires  a  new  Marketing  department  head  from  outside  the  company.  The  new  employee  is  surprised  to  learn  that  they  cannot  assign  permissions  to  the  Marketing  folders  to  employees  that  work  in  other  areas  of  the  company.  What  kind  of  access  management  is  the  organization  using?,Role-based  access,Least  privilege,Privileged  access  management,Zero  trust,13,NO,A,184
A  security  company  is  working  with  a  new  customer  and  is  describing  different  kinds  of  attacks  they  have  discovered  through  research.  What  form  of  threat  research  does  this  represent?,Behavioral  threat  research,Reputational  threat  intelligence,Threat  data,Threat  assessment,13,NO,A,185
"A  user  is  attempting  to  access  a  government  network,  but  the  network  will  not  allow  the  user's  device  to  connect  until  the  user  updates  the  operating  system.  What  kind  of  defense  mechanism  is  this?",Network  access  control,Defense  in  depth,Honeypot,Separation  of  duties,14,NO,A,186
An  administrator  can  ping  a  server  by  IP  address  but  cannot  ping  the  server  by  its  name.  What  are  some  areas  the  administrator  should  check  to  find  out  why  the  name  isn't  resolving  to  the  IP  address?  (Select  all  that  apply.),Check  the  local  cache,Check  the  HOSTS  file,Query  DNS,Check  that  the  DHCP  server  is  online,14,YES,ABC,187
An  administrator  is  configuring  a  new  network  from  the  ground  up.  Which  servers  would  the  administrator  configure  as  bastion  hosts?  (Select  all  that  apply.),Proxy  servers,Web  servers,Active  directory  servers,File  servers,14,YES,AB,188
An  administrator  is  configuring  a  firewall  at  the  Session  layer  of  the  OSI  model.  What  kind  of  firewall  is  the  administrator  implementing?,Stateful  inspection  firewall,Router  firewall,Appliance  firewall,Packet  filtering  firewall,14,NO,A,189
An  organization  is  using  Dynamic  Host  Configuration  Protocol  (DHCP)  to  centrally  manage  IP  addressing.  All  clients  on  the  network  are  receiving  IP  address  autoconfiguration  except  the  clients  on  a  new  subnet.  What  is  the  most  likely  reason?,The  router  doesn't  support  BOOTP  forwarding,The  administrator  reconfigured  the  DHCP  server,The  DHCP  server  is  offline,There  are  no  IP  addresses  available,14,NO,A,190
Which  service  maps  ports  and  documents  the  mappings  for  new  webserver  connections  and  then  substitutes  the  private  IP  address  for  a  public  IP  address  before  sending  the  request  to  the  public  Internet?  (Select  all  that  apply.),NAPT,PAT,Static  NAT,Dynamic  NAT,14,YES,AB,191
"An  organization  purchased  a  new  router  with  built-in  firewall  features.  The  administrator  configured  the  new  appliance  and  it  worked  as  expected.  However,  after  90  days  the  firewall  stopped  working.  What  is  the  most  likely  cause?",The  license  trial  period  ended,There  weren't  enough  ports  on  the  device,There  weren't  enough  routes  allowed  in  the  routing  table,The  routing  protocols  stopped  working,14,NO,A,192
"A  Windows  user  is  trying  to  remote  desktop  into  an  application  server. Although  the  user  can  ping  the  FQDN,  they  are  unable  to  establish  a  connection.  What  is  most  likely  the  cause?",Firewall  blocking  TCP  port  3389,The  application  server  is  down,The  application  server  is  on  a  different  VLAN,DNS  misconfiguration,14,NO,A,193
An  administrator  received  an  alert  regarding  suspicious  activity  on  the  network.  The  system  is  logging  the  activity  and  the  administrator  must  determine  how  to  handle  the  situation.  What  kind  of  system  most  likely  sent  the  alert?,IDS,IPS,Firewall,NAC,14,NO,A,194
"An  administrator  has  plugged  in  a  new  security  camera,  but  when  accessing  the  camera's  web  management  interface,  the  administrator  encounters  a  self-signed  certificate  error.  What  should  the  administrator  do?",Replace  the  default  certificate,Add  an  exception  for  the  certificate,Have  the  service  owner  update  the  certificate,Synchronize  the  time  between  the  client  and  server,14,NO,A,195
A  wireless  administrator  is  receiving  reports  that  users  cannot  connect  to  the  wireless  network  in  certain  areas  of  the  building.  What  can  the  administrator  use  to  locate  dead  zones?,Heat  map,Site  survey,DRS,Beacon,15,NO,A,196
An  administrator  is  configuring  a  wireless  LAN  (WLAN)  extended  service  area.  Which  of  the  following  will  the  administrator  need  to  configure  the  same  on  each  access  point?  (Select  all  that  apply.),ESSID,Security  information,BSSID,BSS,15,YES,AB,197
What  standards  are  most  wireless  LANs  based  on?,802.11,Wi-Fi  5,MU-MIMO,Cellular  radio,15,NO,A,198
An  administrator  wants  the  ability  to  centrally  configure  and  manage  access  points  (APs).  What  are  some  solutions  the  administrator  could  use  for  this?  (Select  all  that  apply.),Hardware,Software,Fat  AP,Wireless  Mesh  Network,15,YES,AB,199
Wi-Fi  6  uses  complex  modulation  and  signal  encoding.  Why  did  Wi-Fi  6  reinstate  operation  in  the  2.4  GHz  band?,To  support  IoT,To  approximate  10G  connection  speeds,To  improve  the  amount  of  data  sent  per  packet,To  reduce  latency,15,NO,A,200
What  protocol  can  an  administrator  configure  in  a  wireless  mesh  network  (WMN)  to  allow  the  stations  to  perform  path  discovery  and  forwarding  between  peers?,HWMP,MBSS,IBSS,BSSID,15,NO,A,201
The  IEEE  802.11  standards  use  two  frequency  bands.  Which  of  the  following  statements  regarding  the  frequency  bands  are  true?  (Select  all  that  apply.),The  2.4  GHz  band  is  ideal  for  providing  the  longest  signal  range,The  5  GHz  band  supports  a  high  number  of  individual  channels,The  5  GHz  band  is  ideal  for  providing  the  longest  signal  range,The  2.4  GHz  band  supports  a  high  number  of  individual  channels,15,YES,AB,202
Which  of  the  following  are  reasons  why  a  client  would  unexpectedly  disassociate  from  an  access  point?  (Select  all  that  apply.),Access  Point  Proximity,MAC  spoofing,Interference,BYOD,15,YES,ABC,203
"A  wireless  administrator  is  troubleshooting  dead  zones  in  a  building.  Although  the  administrator  used  a  heat  map  to  determine  the  optimum  position  for  access  points  (APs),  some  areas  that  should  have  coverage  have  very  low  signal  strength  which  is  unusable  to  clients.  What  should  the  administrator  check?  (Select  all  that  apply.)",EIRP,Throughput,Antenna  placement,Antenna  cable  attenuation,15,YES,ABC,204
A  library  user  connected  their  tablet  to  the  library's  open  access  point.  Which  of  the  following  items  will  NOT  secure  the  open  connection  and  protect  the  user's  communications?,Using  a  screen  protector,Using  a  VPN,Using  HTTPS,Enabling  SSL/TLS,15,NO,A,205
"An  administrator  is  investigating  issues  with  users  experiencing  minimal  connectivity  to  the  wireless  network.  The  administrator  has  verified  that  the  access  point  configurations  and  uptime  are  correct.  However,  the  administrator  suspects  that  there  may  be  other  issues  causing  the  problem.  What  are  some  areas  the  administrator  should  investigate?  (Select  all  that  apply.)",Signal  strength,Interference,Cabling,Power,15,YES,AB,206
An  administrator  responsible  for  implementing  network  coverage  in  a  historical  monument  cannot  install  cabling  in  many  areas  of  the  building.  What  are  some  ways  the  administrator  can  take  advantage  of  wireless  distribution  systems  (WDS)  to  help?  (Select  all  that  apply.),To  create  an  ESA,To  create  a  bridge,To  create  a  beacon,To  create  a  BSA,15,YES,AB,207
A  wireless  installer  is  networking  a  conference  room  with  9'  ceilings.  What  is  the  best  type  of  antenna  for  wireless  devices?,Vertical  rod,Yagi,Parabolic/dish  or  grid,Polarization,15,NO,A,208
An  administrator  is  implementing  encryption  on  the  wireless  network.  What  standard  should  the  administrator  implement?,WPA2,TKIP,WPA,WEP,15,NO,A,209
"An  administrator  is  evaluating  the  wireless  coverage  in  a  conference  hall.  There  are  enough  access  points  to  provide  for  25  clients  per  access  point,  but  many  users  are  finding  the  wireless  network  to  be  unresponsive  and  timing  out  requests.  What  could  be  causing  this  issue?  (Select  all  that  apply.)",CCI,ACI,Bandwidth  saturation,Overcapacity,15,YES,ABC,210
An  administrator  is  testing  the  signal  strength  in  a  concrete  building  and  measures  a  12  dB  loss  between  the  office  where  the  access  point  is  located  and  the  office  next  door.  What  is  the  cause  of  the  decibel  loss?,Absorption,Refraction,Reflection,EMI,15,NO,A,211
An  administrator  is  configuring  wireless  coverage  for  a  public  library  where  visitors  are  not  expected  to  have  pre-existing  accounts.  What  type  of  authentication  should  the  administrator  implement?,Captive  portal  via  HTTPS,WPA3-Personal,WPA3-Enterprise,802.1X/EAP,15,NO,A,212
Which  of  the  following  are  formats  for  2G  cellular  communications?  (Select  all  that  apply.),GSM,CDMA,HSPA+,EV-DO,15,YES,AB,213
A  small  organization  is  securing  their  wireless  network  with  Wi-Fi  Protected  Access  3  (WPA3)  personal.  What  are  some  of  the  issues  with  this  method  of  authentication?  (Select  all  that  apply.),Group  authentication,No  accountability,SAE,PAKE,15,YES,AB,214
802.11  relies  on  a  shared  physical  bus  running  at  half-duplex.  How  does  this  standard  manage  contention?,CSMA/CA,ACK,RTS,CTS,15,NO,A,215
A  network  engineer  is  assigned  to  locate  and  acquire  a  data  communications  network  controlled  by  a  single  organization.  What  is  the  name  for  this  type  of  network?,Enterprise  WAN,WAN,T-Carrier,Digital  Subscriber  Line,16,NO,A,216
A  network  engineer  installs  a  new  Virtual  Private  Network  (VPN)  set  up  dynamically  according  to  traffic  requirements  and  demand.  What  is  the  type  of  VPN  installed?,Dynamic  Multipoint  VPN,Remote  Access  VPN,Hub  and  Spoke  VPN,VPN  headend,16,NO,A,217
An  organization  tasks  a  network  consultant  with  comparing  costs  for  the  business  to  acquire  a  technology  that  allows  data  to  transfer  over  voice-grade  telephone  lines.  What  is  this  technology?,Digital  Subscriber  Line,FTTP,Enterprise  WAN,T-Carrier,16,NO,A,218
"A  network  technician  is  assigned  to  find  the  fastest  solution,  regarding  bandwidth  capabilities,  closest  to  Local  Area  Network  (LAN)  speeds  for  an  office  building.  What  is  the  most  expensive  solution  the  network  technician  can  consider?",FTTP,WAN,T-Carrier,FTTH,16,NO,A,219
A  company  tasks  a  network  technician  with  installing  a  VPN  router  onto  one  of  the  company's  larger  machines  capable  of  aggregating  high  traffic  volumes.  What  is  the  name  of  this  router?,VPN  headend,VPN,Remote  Access  VPN,Hub  and  Spoke  VPN,16,NO,A,220
An  organization  tasks  a  network  engineer  with  purchasing  an  access/gateway  that  extends  the  local  network  access  over  an  intermediate  public  network  so  a  remote  computer  can  join  the  local  network.  What  access/gateway  will  the  engineer  acquire?,Remote  Access  VPN,Site-to-Site  VPN,Hub  and  Spoke  VPN,VPN  headend,16,NO,A,221
A  network  architect  creates  a  site-to-site  VPN  involving  multiple  remotes  to  a  headquarters  site  by  using  static  tunnels  configured  between  the  remote  sites  and  the  headquarters  site.  What  is  the  name  of  this  VPN  configuration?,Hub  and  Spoke  VPN,VPN,Remote  Access  VPN,VPN  headend,16,NO,A,222
A  company  tasks  a  network  specialist  to  purchase  an  access  solution  that  uses  internet  access  infrastructure  and  a  secure  tunnel  to  connect  private  communications  through  the  internet.  What  is  this  access  solution?,VPN,Remote  Access  VPN,Hub  and  Spoke  VPN,VPN  headend,16,NO,A,223
A  network  engineer  wants  to  establish  data  communications  over  a  greater  distance  than  a  Local  Area  Network  (LAN).  What  can  the  engineer  use  to  gain  the  desired  distance?,WAN,T-Carrier,Enterprise  WAN,Digital  Subscriber  Line,16,NO,A,224
An  organization  tasks  a  network  consultant  with  comparing  the  costs  and  requirements  for  the  various  types  of  Carrier  Ethernet.  The  consultant  selects  a  carrier  ethernet  that  uses  digital  subscriber  line  (DSL)  variants  such  as  single-pair  high-speed  DSL  (SHDSL)  and  very  high-speed  DSL  (VDSL)  to  overcome  the  usual  distance  limitations  of  copper  Ethernet.  What  type  of  carrier  ethernet  was  selected  by  the  consultant?,Ethernet  over  Copper,Ethernet  over  Fiber,E-line,E-LAN,16,NO,A,225
"A  network  consultant  needs  to  develop  a  plan  that  sets  out  the  procedures,  tools,  methods  of  communication,  and  guidelines  when  mitigating  a  problem.  What  is  the  name  of  this  plan?",Incident  Response  Plan,Security  Response,Service  Level  Agreement,Disaster  Recovery  Plan,17,NO,A,226
A  network  consultant  considers  using  a  wireless  communications  protocol  mainly  used  in  home  automation  but  believes  it  could  support  the  organization's  mission.  What  is  the  name  of  this  protocol?,Z-Wave,NB-IoT,IoT,LTE-M,17,NO,A,227
"An  organization  tasked  its  network  analyst  with  reviewing  the  system  that  monitors  the  building's  locks,  intruder  alarms,  and  video  surveillance  cameras.  What  is  the  name  of  this  system?",PACS,IoT,ICS,OT,17,NO,A,228
A  network  manager  is  asked  to  create  a  document  that  provides  a  detailed  diagram  of  the  wiring  and  port  locations  for  the  building.  What  is  the  name  of  this  document?,Floor  Plan,Wiring  Diagram,Rack,Change  Management,17,NO,A,229
An  organization  tasked  its  network  consultant  with  reviewing  the  system  that  provides  workflow  and  process  automation  mechanisms.  What  is  the  name  of  this  system?,ICS,PACS,IoT,IT,17,NO,A,230
"Due  to  concerns  of  losing  or  misplacing  equipment,  the  organization  asks  the  network  office  to  track  all  electrical  equipment.  What  will  the  office  use  to  track  the  organization's  equipment?",Asset  Tags,Circuit,Cameras,Motion  Detection,17,NO,A,231
A  network  engineer  needs  to  decommission  a  server  and  wipe  all  custom  configurations.  The  servers  are  decommissioned  through  a  process  which  helps  local  schools  receive  IT  equipment.  What  routine  will  the  engineer  use  to  wipe  the  server?,Factory  Reset,Motion  Detection,Degauss,Asset  Tags,17,NO,A,232
"A  company  tasks  its  network  specialist  with  configuring  a  steel  shelving  system  for  patch  panels,  switches  and  routers,  and  server  devices.  What  is  the  name  of  this  system?",Rack,Wiring  Diagram,Floor  Plan,Change  Management,17,NO,A,233
A  security  consultant  needs  to  add  a  security  system  to  the  doors  of  a  secured  room.  What  system  will  the  security  consultant  install  that  meets  the  requirement  and  protects  against  tampering?,Closed-Circuit,Circuit,Motion  Detector,Biometric,17,NO,A,234
A  network  consultant  needs  to  create  a  documentation  process  that  minimizes  the  risk  of  unscheduled  downtime  by  implementing  changes  in  a  planned  and  controlled  way.  What  is  the  name  of  this  process?,Change  Management,Wiring  Diagram,Rack,Floor  Plan,17,NO,A,235
A  network  specialist  reviews  the  organization's  cellular  technology  and  discovers  that  the  current  contract  uses  a  low-power  system  service  but  supports  higher  bandwidth  up  to  1Mbps.  What  baseband  radio  technology  service  is  the  organization  using  for  cellular  service?,LTE-M,PACS,NB-IoT,IoT,17,NO,A,236
A  network  specialist  reviews  the  organization's  cellular  technology  and  discovers  that  the  current  contract  uses  a  service  that  provides  a  low-power  version  of  the  Long  Term  Evolution  (LTE)  or  4g  cellular  standard  and  currently  has  a  limited  data  rate  between  20-100  kbps.  What  baseband  radio  technology  service  is  the  organization  now  using  for  cellular  service?,NB-IoT,PACS,IoT,LTE-M,17,NO,A,237
A  security  consultant  needs  to  add  a  security  system  to  an  office  space  that  triggers  an  alarm  while  someone  occupies  the  room.  What  type  of  equipment  would  the  security  install?,Motion  Detection,Security  Camera,Circuit,Asset  Tag,17,NO,A,238
A  network  manager  needs  to  create  a  document  that  shows  detailed  information  about  the  termination  of  twisted  pairs  in  an  RJ-45  or  RJ-48C  jack  or  Insulation  Displacement  Connector  (IDC).  What  is  the  name  of  this  document?,Wiring  Diagram,Rack,Floor  Plan,Change  Management,17,NO,A,239
"Due  to  an  increase  in  foot  traffic  from  outside  groups  throughout  the  building,  the  organization  asks  the  security  office  to  employ  equipment  that  will  allow  visual  monitoring  across  the  organization.  What  equipment  would  best  be  suited  to  manage  this  request?",Cameras,Circuit,Motion  Detection,Asset  Tag,17,NO,A,240
A  network  consultant  is  looking  for  a  device  that  will  serve  as  a  temporary  power  source  in  the  event  of  a  blackout.  What  is  the  name  of  this  device?,UPS,MTBF,MTTR,PDU,18,NO,A,241
A  network  technician  needs  to  install  a  load  balancer  onto  the  network  as  the  department  has experienced  issues  with  streaming  media  servers.  What  switches  could  the  technician  use  to  support  this  request?  (Select  all  that  apply.),Layer  4  Switch,Layer  7  Switch,Bridge,Layer  2  Switch,18,YES,AB,242
"While  evaluating  load  balancers,  a  network  engineer  needs  to  acquire  a  switch  that  can  handle  complex  logic.  Which  switch  would  the  engineer  use  for  this  requirement?",Layer  7  Switch,Layer  4  Switch,Bridge,Layer  2  Switch,18,NO,A,243
A  network  contractor  reviews  key  performance  indicators regarding  the  time  taken  to  correct  a  fault  and  restore  the  system  to  full  operation.  What  is  the  name  of  this  process?,MTTR,MTTF,MTBF,PDU,18,NO,A,244
A  network  specialist  analyzes  the  key  performance  indicators  associated  with  the  component  reliability  regarding  the  expected  lifetime  of  repairable  products.  What  reliability  analysis  is  the  network  specialist  conducting?,MTBF,MTTF,MTTR,PDU,18,NO,A,245
"A  network  technician  confirms  that  the  server  room  has  adequate  environmental  controls  to  mitigate  the  loss  of  availability  through  mechanical  issues  with  equipment,  such  as  overheating.  What  service  provides  environmental  control  in  the  room?",HVAC,UPS,MTTR,PDU,18,NO,A,246
"A  network  engineer  decides  that  the  organization  needs  to  purchase  a  device  that  ""cleans""  the  power  signal,  provides  protection  against  spikes,  surges,  and  brownouts,  and  can  integrate  with  an  uninterruptible  power  supply  (UPS).  What  is  the  name  of  this  device?",PDU,MTTF,MTBF,MTTR,18,NO,A,247
A  network  contractor  evaluates  a  protocol  that  allows  multiple  physical  routers  to  serve  as  a  single  default  gateway  for  a  subnet.  What  is  the  name  of  this  protocol?,Hot  Standby  Router,Virtual  IP,Multipathing,Diverse  Paths,18,NO,A,248
A  network  engineer  deploys  a  hardware  appliance  to  distribute  client  requests  across  server  nodes  in  a  farm  or  pool.  What  is  the  name  of  this  appliance?,Load  Balancer,Virtual  IP,Hot  Standby  Router,Multipathing,18,NO,A,249
"A  network  specialist  wants  to  provision  two  load  balancer  appliances  so  that  if  one  fails,  the  other  can  still  handle  client  connections.  What  type  of  load  balancer  distribution  method  should  the  network  specialist  use?",Virtual  IP,Clustering,Multipathing,Diverse  Paths,18,NO,A,250
"A  department  head  contacts  a  cyber  consultant  declaring  that  the  team  is  locked  out  and  cannot  conduct  any  activity.  While  working  on  the  system,  the  consultant  notices  a  demand  for  money,  or  the  department  will  never  get  their  data  back.  What  is  this  type  of  attack  called?",Ransomware,DRDoS,DDoS,Trojan,19,NO,A,251
An  organization  contacts  the  cyber  security  team  and  requests  a  feature  to  provide  secure  wireless  network  access.  Select  the  appropriate  answers  that  support  this  request.  (Select  all  that  apply.),Preshared  keys  (PSKs),Captive  Portal,Geofencing,VLAN,19,YES,ABC,252
"A  network  technician  needs  to  strengthen  the  security  of  the  company  network  by  minimizing  the  amount  of  traffic  required  for  the  operation  of  the  valid  network  services,  and  no  additional  access  to  be  permitted.  What  is  the  technician  placing  into  the  network?",Firewall  access  control  lists  (ACLs),Control  plane  policing,Endpoint  security,Hardening,19,NO,A,253
"A  cyber  security  technician  responds  to  a  department  experiencing  degraded  network  bandwidth,  and  customers  call  the  department  saying  they  cannot  visit  the  company  website.  What  is  likely  causing  the  issue?",Distributed  DoS  (DDoS),On-path  attack,DNS  Poisoning,Malware,19,NO,A,254
"A  cyber  security  technician  speaks  with  a  department  that  has  voiced  concern  regarding  tech  issues.  The  technician  discovered  that  the  employee  had  received  an  email  containing  an  attachment  from  an  outside  party.  Curious  about  what  the  document  contained,  the  employee  clicked  on  the  link.  The  next  day,  the  employee  noticed  that  some  of  the  software  was  not  working  correctly,  and  some  important  documents  were  no  longer  accessible.  What  was  likely  the  cause  of  this  issue?",Malware,On-path  attack,DNS  Poisoning,DDoS,19,NO,A,255
"A  cyber  consultant  needs  to  modify  the  company's  access  control  lists  to  minimize  network  traffic.  During  configuration,  the  consultant  can  use  a  command-line  utility  provided  by  many  Linux  distributions  that  allow  administrators  to  edit  the  rules  enforced  by  the  Linux  kernel  firewall.  What  is  the  command-line  utility  used?",iptables,ipconfig,nmap,tcpdump,19,NO,A,256
A  cyber  technician  needs  to  draft  a  policy  for  the  organization  to  mitigate  the  risk  from  route  processor  vulnerabilities.  What  is  the  name  of  this  type  of  policy?,Control  plane  policing,Firewall  access  control  lists  (ACLs),Endpoint  security,Hardening,19,NO,A,257
"During  a  routine  investigation  of  the  network,  the  cyber  specialist  identifies  that  an  on-path  attack  has  compromised  the  network.  What  is  another  name  for  this  type  of  attack?",MitM,DDoS,VLAN  Hopping,DNS  Poisoning,19,NO,A,258
"A  cyber  security  technician  is  requested  to  investigate  a  matter  in  which  several  customers  have  lodged  complaints  about  computer  issues  after  visiting  the  company  site.  Upon  closer  observation,  the  technician  discovers  that  an  unknown  IP  address  replaced  the  valid  IP  address.  What  type  of  attack  occurred  in  this  incident?",DNS  Poisoning,On-path  attack,Malware,Distributed  DoS  (DDoS),19,NO,A,259
A  cyber  consultant  is  brought  into  a  department  to  create  security  procedures  and  technologies  designed  to  restrict  network  access  at  an  end  user  device  level.  What  is  the  consultant  focusing  on?,Endpoint  security,Firewall  access  control  lists  (ACLs),Control  plane  policing,Hardening,19,NO,A,260
A  network  consultant  is  considering  what  technologies  to  use  when  adding  a  storage  area  network  (SAN).  What  are  the  two  most  popular  SAN  connection  types?  (Select  all  that  apply.),Fibre  Channel,iSCSI,Hypervisor,Fibre  Channel  over  Ethernet,20,YES,AB,261
"When  configuring  connectivity  with  a  virtual  switch  that  bridges  the  virtual  and  physical  networks  via  the  host  computer's  physical  NIC,  a  network  consultant  creates  a  virtual  switch  that  creates  a  bridge  that  is  usable  only  by  VMs  on  the  host  and  the  host  itself.  What  switch  did  the  network  engineer  create?",Internal,Fibre  Channel,Private,Community,20,NO,A,262
A  cyber  architect  is  reviewing  the  topologies  that  support  the  east-west  activity  for  the  software-defined  networking  model.  Which  topology  comprises  a  backbone  of  top-tier  switches?,Spine,Application  layer,Datacenter,Infrastructure  Layer,20,NO,A,263
"While  looking  for  a  cloud  deployment  model  for  business  operations,  the  network  specialist  looks  for  a  model  that  a  third  party  hosts  for  the  organization's  exclusive  use.  Which  cloud  deployment  model  meets  the  network  specialist's  and  businesses'  needs?",Hosted  Private,Public  (or  multitenant),Private,Community,20,NO,A,264
"While  looking  for  a  cloud  service  model  for  business,  the  network  specialist  looks  for  a  model  that  allows  the  organization  to  rent  components  and  internet  links  on  an  as-needed  basis  from  the  service  provider's  datacenter.  Which  cloud  service  model  meets  the  network  specialist's  and  businesses'  needs?",Infrastructure  as  a  Service,Software  as  a  Service,Public  (or  multitenant),Community,20,NO,A,265
A  network  architect  analyzes  the  software-designed  networking  model  and  reviews  the  layer  that  exposes  an  application  programming  interface  (API)  that  can  be  automated  by  scripts  that  call  functions  in  the  layer  above  or  below.  What  is  the  appropriate  layer  for  this  description?,Control  Layer,OSI  Network  Layer  3,Spine,Leaf,20,NO,A,266
"While  looking  for  a  cloud  deployment  model  for  business  operations,  the  network  specialist  looks  for  a  model  where  several  organizations  share  the  costs  of  either  a  hosted  private  or  fully  private  cloud.  Which  cloud  deployment  model  meets  the  network  specialist's  and  businesses'  needs?",Community,Public  (or  multitenant),Hosted  Private,Private,20,NO,A,267
"When  configuring  connectivity  with  a  virtual  switch  that  bridges  the  virtual  and  physical  networks  via  the  host  computer's  physical  NIC,  a  network  engineer  creates  a  virtual  switch  that  binds  to  the  host's  NIC  to  allow  the  VM  to  communicate  on  the  physical  network.  What  switch  did  the  network  engineer  create?",External,SAN,Virtual  NICS,Hypervisor,20,NO,A,268
"A  network  architect  analyzes  the  software-defined  networking  model  and  reviews  the  layer  that  applies  the  business  logic  to  decide  how  to  prioritize  traffic,  secure  data,  and  where  to  switch  data.  What  is  the  appropriate  layer  for  this  description?",Application  layer,OSI  Network  Layer  3,Infrastructure  Layer,Control  Layer,20,NO,A,269
A  network  architect  analyzes  the  software-designed  networking  model  and  reviews  the  layer  that  handles  the  actual  forwarding  (switching  and  routing)  of  traffic  and  imposition  of  ACLs  and  other  policy  configurations  for  security.  What  is  the  appropriate  layer  for  this  description?,Infrastructure  Layer,OSI  Network  Layer  3,Datacenter,Leaf,20,NO,A,270
"During  work,  a  network  specialist  uses  an  IP  tunneling  protocol  to  transfer  SCSI  data  over  an  IP-based  network.  iSCSI  can  be  used  to  link  SANs  but  also  is  an  alternative  to  which  of  the  following?",Fibre  Channel,Virtual  NICS,SAN,Hypervisor,20,NO,A,271
"While  looking  for  a  cloud  deployment  model  for  business  operations,  the  network  specialist  looks  for  a  model  that  offers  pay-as-you-go  financing.  Which  cloud  deployment  model  meets  the  network  specialist's  and  businesses'  needs?",Public  (or  multitenant),Hosted  Private,Private,Community,20,NO,A,272
"While  looking  for  a  cloud  deployment  model  for  business  operations,  the  network  specialist  looks  for  a  completely  private  model  owned  by  the  organization.  Which  cloud  deployment  model  meets  the  network  specialist's  and  businesses'  needs?",Private,Public  (or  multitenant),Hosted  Private,Community,20,NO,A,273
A  network  engineer  is  configuring  a  switch  to  make  it  only  usable  to  the  VMs.  The  engineer  confirms  that  they  cannot  use  the  switch  to  communicate  with  the  host.  What  type  of  switch  is  the  engineer  configuring?,Private,Internal,External,Hypervisor,20,NO,A,274
A  cyber  architect  is  reviewing  the  topologies  that  support  the  east-west  activity  for  the  software-defined  networking  model.  Which  topology  contains  access  switches.,Leaf,Spine,Datacenter,Control  Layer,20,NO,A,275
